{
  "Kenya": ["Nairobi", "Mombasa", "Kisumu", "Nakuru", "Eldoret", "Thika", "Malindi", "Kitale", "Garissa", "Kakamega"],
  "Nigeria": ["Lagos", "Abuja", "Kano", "Ibadan", "Port Harcourt", "Benin City", "Kaduna", "Aba", "Maiduguri", "Ilorin"],
  "South Africa": ["Cape Town", "Johannesburg", "Durban", "Pretoria", "Port Elizabeth", "Bloemfontein", "East London", "Nelspruit", "Polokwane", "Kimberley"],
  "Egypt": ["Cairo", "Alexandria", "Giza", "Shubra El Kheima", "Port Said", "Suez", "Luxor", "Aswan", "Mansoura", "Tanta"],
  "Ghana": ["Accra", "Kumasi", "Tamale", "Takoradi", "Ashaiman", "Sunyani", "Cape Coast", "Obuasi", "Teshie", "Tema"],
  "Tanzania": ["Dar es Salaam", "Mwanza", "Arusha", "Dodoma", "Mbeya", "Morogoro", "Tanga", "Zanzibar City", "Kigoma", "Mtwara"],
  "Ethiopia": ["Addis Ababa", "Dire Dawa", "Mekelle", "Gondar", "Awassa", "Bahir Dar", "Dessie", "Jimma", "Jijiga", "Shashamane"],
  "Uganda": ["Kampala", "Gulu", "Lira", "Mbarara", "Jinja", "Mbale", "Mukono", "Masaka", "Entebbe", "Arua"],
  "Morocco": ["Casablanca", "Rabat", "Fes", "Marrakech", "Tangier", "Agadir", "Meknes", "Oujda", "Kenitra", "Tetouan"],
  "Algeria": ["Algiers", "Oran", "Constantine", "Annaba", "Blida", "Batna", "Djelfa", "Setif", "Sidi Bel Abbes", "Biskra"],
  "Sudan": ["Khartoum", "Omdurman", "Port Sudan", "Kassala", "El Obeid", "Nyala", "Wad Madani", "Al Qadarif", "Kosti", "El Fasher"],
  "Angola": ["Luanda", "Huambo", "Lobito", "Benguela", "Lubango", "Kuito", "Malanje", "Namibe", "Soyo", "Cabinda"],
  "Mozambique": ["Maputo", "Matola", "Beira", "Nampula", "Chimoio", "Nacala", "Quelimane", "Tete", "Lichinga", "Pemba"],
  "Madagascar": ["Antananarivo", "Toamasina", "Antsirabe", "Mahajanga", "Fianarantsoa", "Toliara", "Antsiranana", "Ambovombe", "Ambanja", "Manakara"],
  "Cameroon": ["Douala", "Yaounde", "Garoua", "Bafoussam", "Bamenda", "Maroua", "Buea", "Kribi", "Limbe", "Edea"],
  "Ivory Coast": ["Abidjan", "Bouake", "Daloa", "Yamoussoukro", "San-Pedro", "Korhogo", "Man", "Divo", "Gagnoa", "Abengourou"],
  "Niger": ["Niamey", "Zinder", "Maradi", "Agadez", "Tahoua", "Dosso", "Diffa", "Tillaberi", "Gaya", "Arlit"],
  "Burkina Faso": ["Ouagadougou", "Bobo-Dioulasso", "Koudougou", "Ouahigouya", "Banfora", "Dedougou", "Kaya", "Tenkodogo", "Fada N'gourma", "Dori"],
  "Mali": ["Bamako", "Sikasso", "Mopti", "Koutiala", "Kayes", "Segou", "Gao", "Timbuktu", "Kidal", "Kita"],
  "Senegal": ["Dakar", "Thies", "Rufisque", "Kaolack", "Ziguinchor", "Saint-Louis", "Touba", "Mbour", "Louga", "Tambacounda"],
  "Chad": ["N'Djamena", "Moundou", "Sarh", "Abeche", "Kelo", "Koumra", "Pala", "Am Timan", "Bongor", "Mongo"],
  "Guinea": ["Conakry", "N'Zerekore", "Kindia", "Boke", "Kankan", "Kissidougou", "Gueckedou", "Mamou", "Labe", "Faranah"],
  "Rwanda": ["Kigali", "Butare", "Gitarama", "Ruhengeri", "Gisenyi", "Byumba", "Cyangugu", "Kibungo", "Kibuye", "Rwamagana"],
  "Benin": ["Cotonou", "Porto-Novo", "Parakou", "Djougou", "Bohicon", "Abomey", "Natitingou", "Lokossa", "Ouidah", "Kandi"],
  "Burundi": ["Bujumbura", "Gitega", "Muyinga", "Ruyigi", "Ngozi", "Rutana", "Bururi", "Makamba", "Muramvya", "Mwaro"],
  "Tunisia": ["Tunis", "Sfax", "Sousse", "Kairouan", "Bizerte", "Gabes", "Ariana", "Gafsa", "Monastir", "Ben Arous"],
  "Zambia": ["Lusaka", "Kitwe", "Ndola", "Kabwe", "Chingola", "Mufulira", "Livingstone", "Luanshya", "Kasama", "Chipata"],
  "Zimbabwe": ["Harare", "Bulawayo", "Chitungwiza", "Mutare", "Gweru", "Epworth", "Kwekwe", "Kadoma", "Masvingo", "Chinhoyi"],
  "Malawi": ["Lilongwe", "Blantyre", "Mzuzu", "Zomba", "Kasungu", "Mangochi", "Karonga", "Salima", "Nkhotakota", "Liwonde"],
  "Somalia": ["Mogadishu", "Hargeisa", "Bosaso", "Kismayo", "Berbera", "Marka", "Jowhar", "Baidoa", "Burao", "Galkayo"],
  "Mauritania": ["Nouakchott", "Nouadhibou", "Rosso", "Kaedi", "Zouerate", "Atar", "Kiffa", "Aleg", "Selibaby", "Tidjikja"],
  "Libya": ["Tripoli", "Benghazi", "Misrata", "Bayda", "Zawiya", "Ajdabiya", "Sabha", "Sirte", "Tobruk", "Derna"],
  "Togo": ["Lome", "Sokode", "Kara", "Kpalime", "Atakpame", "Bassar", "Tsévié", "Aného", "Mango", "Dapaong"],
  "Sierra Leone": ["Freetown", "Bo", "Kenema", "Makeni", "Koidu", "Port Loko", "Lungi", "Kabala", "Waterloo", "Magburaka"],
  "Eritrea": ["Asmara", "Keren", "Massawa", "Assab", "Mendefera", "Adi Keyh", "Barentu", "Nakfa", "Dekemhare", "Teseney"],
  "Central African Republic": ["Bangui", "Bimbo", "Berberati", "Carnot", "Bambari", "Bouar", "Bossangoa", "Bria", "Bangassou", "Mbaiki"],
  "Liberia": ["Monrovia", "Gbarnga", "Buchanan", "Kakata", "Zwedru", "Harper", "Voinjama", "Robertsport", "Greenville", "Tubmanburg"],
  "Mauritius": ["Port Louis", "Beau Bassin-Rose Hill", "Vacoas-Phoenix", "Curepipe", "Quatre Bornes", "Triolet", "Goodlands", "Centre de Flacq", "Bel Air Rivière Sèche", "Mahébourg"],
  "Eswatini": ["Mbabane", "Manzini", "Big Bend", "Malkerns", "Mhlume", "Nhlangano", "Piggs Peak", "Siteki", "Lobamba", "Matsapha"],
  "Djibouti": ["Djibouti", "Ali Sabieh", "Tadjourah", "Obock", "Dikhil", "Arta", "Holhol", "Dorra", "Loyada", "Randa"],
  "Comoros": ["Moroni", "Mutsamudu", "Fomboni", "Domoni", "Tsimbeo", "Ouani", "Mitsamiouli", "Iconi", "Chandra", "Mbeni"],
  "Cape Verde": ["Praia", "Mindelo", "Santa Maria", "Cova Figueira", "Pedra Badejo", "Sao Filipe", "Assomada", "Tarrafal", "Porto Novo", "Ribeira Grande"],
  "Cabo Verde": ["Praia", "Mindelo", "Santa Maria", "Cova Figueira", "Pedra Badejo", "Sao Filipe", "Assomada", "Tarrafal", "Porto Novo", "Ribeira Grande"],
  "Sao Tome and Principe": ["São Tomé", "Trindade", "Santana", "Neves", "Santo Amaro", "Guadalupe", "Santa Cruz", "Palmira", "Angolares", "Ribeira Afonso"],
  "São Tomé and Príncipe": ["São Tomé", "Trindade", "Santana", "Neves", "Santo Amaro", "Guadalupe", "Santa Cruz", "Palmira", "Angolares", "Ribeira Afonso"],
  "Equatorial Guinea": ["Malabo", "Bata", "Ebebiyin", "Aconibe", "Añisoc", "Luba", "Evinayong", "Mongomo", "Mengomeyén", "Micomeseng"],
  "Gabon": ["Libreville", "Port-Gentil", "Franceville", "Oyem", "Moanda", "Mouila", "Tchibanga", "Koulamoutou", "Makokou", "Lambaréné"],
  "Republic of the Congo": ["Brazzaville", "Pointe-Noire", "Dolisie", "Kayes", "Owando", "Ouesso", "Loandjili", "Madingou", "Gamboma", "Impfondo"],
  "Democratic Republic of the Congo": ["Kinshasa", "Lubumbashi", "Mbuji-Mayi", "Kananga", "Kisangani", "Bukavu", "Goma", "Kolwezi", "Matadi", "Mbandaka"],
  "Botswana": ["Gaborone", "Francistown", "Molepolole", "Maun", "Serowe", "Selibe Phikwe", "Kanye", "Mahalapye", "Mochudi", "Palapye"],
  "Namibia": ["Windhoek", "Walvis Bay", "Rundu", "Swakopmund", "Oshakati", "Katima Mulilo", "Grootfontein", "Rehoboth", "Otjiwarongo", "Ondangwa"],
  "Lesotho": ["Maseru", "Teyateyaneng", "Mafeteng", "Hlotse", "Mohale's Hoek", "Maputsoe", "Qacha's Nek", "Quthing", "Butha-Buthe", "Mokhotlong"],
  "Gambia": ["Banjul", "Serekunda", "Brikama", "Bakau", "Farafenni", "Lamin", "Sukuta", "Basse Santa Su", "Gunjur", "Bakau"],
  "Guinea-Bissau": ["Bissau", "Bafata", "Gabu", "Bissora", "Bolama", "Cacheu", "Catio", "Farim", "Fulacunda", "Quebo"],
  "Seychelles": ["Victoria", "Anse Boileau", "Anse Etoile", "Beau Vallon", "Cascade", "Glacis", "Grand Anse", "Mont Buxton", "Plaisance", "Takamaka"],
  "South Sudan": ["Juba", "Wau", "Malakal", "Yambio", "Rumbek", "Aweil", "Torit", "Bor", "Kapoeta", "Yei"],
  "Afghanistan": ["Kabul", "Kandahar", "Herat", "Mazar-i-Sharif", "Jalalabad", "Kunduz", "Ghazni", "Balkh", "Baghlan", "Gardez"],
  "Albania": ["Tirana", "Durrës", "Vlorë", "Shkodër", "Fier", "Korçë", "Elbasan", "Berat", "Kavajë", "Gjirokastër"],
  "Andorra": ["Andorra la Vella", "Escaldes-Engordany", "Encamp", "Sant Julià de Lòria", "La Massana", "Ordino", "Canillo"],
  "Antigua and Barbuda": ["Saint John's", "All Saints", "Liberta", "Potter's Village", "Bolans", "Swetes", "Seaview Farm", "Piggotts", "Parham", "Codrington"],
  "Argentina": ["Buenos Aires", "Córdoba", "Rosario", "Mendoza", "San Miguel de Tucumán", "La Plata", "Mar del Plata", "Salta", "Santa Fe", "San Juan"],
  "Armenia": ["Yerevan", "Gyumri", "Vanadzor", "Vagharshapat", "Abovyan", "Kapan", "Hrazdan", "Armavir", "Artashat", "Goris"],
  "Australia": ["Sydney", "Melbourne", "Brisbane", "Perth", "Adelaide", "Gold Coast", "Newcastle", "Canberra", "Sunshine Coast", "Wollongong"],
  "Austria": ["Vienna", "Graz", "Linz", "Salzburg", "Innsbruck", "Klagenfurt", "Villach", "Wels", "Sankt Pölten", "Dornbirn"],
  "Azerbaijan": ["Baku", "Ganja", "Sumqayit", "Mingachevir", "Lankaran", "Shirvan", "Nakhchivan", "Shaki", "Yevlakh", "Khirdalan"],
  "Bahamas": ["Nassau", "Freeport", "West End", "Coopers Town", "Marsh Harbour", "High Rock", "Andros Town", "Spanish Wells", "Clarence Town", "Dunmore Town"],
  "Bahrain": ["Manama", "Riffa", "Muharraq", "Hamad Town", "A'ali", "Sitrah", "Isa Town", "Jidhafs", "Al Hidd", "Madinat Hamad"],
  "Bangladesh": ["Dhaka", "Chittagong", "Khulna", "Rajshahi", "Sylhet", "Comilla", "Rangpur", "Mymensingh", "Barisal", "Jessore"],
  "Barbados": ["Bridgetown", "Speightstown", "Oistins", "Holetown", "The Crane", "Bathsheba", "Six Cross Roads", "Warrens", "Wildey", "Rockley"],
  "Belarus": ["Minsk", "Gomel", "Mogilev", "Vitebsk", "Grodno", "Brest", "Bobruisk", "Baranavichy", "Barysaw", "Pinsk"],
  "Belgium": ["Brussels", "Antwerp", "Ghent", "Charleroi", "Liège", "Bruges", "Namur", "Leuven", "Mons", "Aalst"],
  "Belize": ["Belize City", "San Ignacio", "Orange Walk", "Belmopan", "Dangriga", "Corozal", "San Pedro", "Punta Gorda", "Benque Viejo del Carmen", "Shipyard"],
  "Bhutan": ["Thimphu", "Phuntsholing", "Punakha", "Paro", "Gelephu", "Wangdue Phodrang", "Jakar", "Trashigang", "Mongar", "Samdrup Jongkhar"],
  "Bolivia": ["La Paz", "Santa Cruz de la Sierra", "Cochabamba", "Sucre", "Oruro", "Tarija", "Potosí", "Sacaba", "Montero", "Quillacollo"],
  "Bosnia and Herzegovina": ["Sarajevo", "Banja Luka", "Tuzla", "Zenica", "Mostar", "Bijeljina", "Prijedor", "Brčko", "Doboj", "Cazin"],
  "Brazil": ["São Paulo", "Rio de Janeiro", "Brasília", "Salvador", "Fortaleza", "Belo Horizonte", "Manaus", "Curitiba", "Recife", "Porto Alegre"],
  "Brunei": ["Bandar Seri Begawan", "Kuala Belait", "Seria", "Tutong", "Bangar", "Sengkurong", "Muara", "Kampong Ayer", "Jerudong", "Lumut"],
  "Bulgaria": ["Sofia", "Plovdiv", "Varna", "Burgas", "Ruse", "Stara Zagora", "Pleven", "Sliven", "Dobrich", "Shumen"],
  "Cambodia": ["Phnom Penh", "Siem Reap", "Battambang", "Sihanoukville", "Kampong Cham", "Kampong Thom", "Kampot", "Kratie", "Takeo", "Pursat"],
  "Canada": ["Toronto", "Montreal", "Vancouver", "Calgary", "Edmonton", "Ottawa", "Winnipeg", "Quebec City", "Hamilton", "Kitchener"],
  "Chile": ["Santiago", "Valparaíso", "Concepción", "La Serena", "Antofagasta", "Temuco", "Rancagua", "Talca", "Arica", "Iquique"],
  "China": ["Beijing", "Shanghai", "Guangzhou", "Shenzhen", "Chengdu", "Hangzhou", "Wuhan", "Xi'an", "Nanjing", "Tianjin"],
  "Colombia": ["Bogotá", "Medellín", "Cali", "Barranquilla", "Cartagena", "Cúcuta", "Bucaramanga", "Pereira", "Santa Marta", "Ibagué"],
  "Costa Rica": ["San José", "Cartago", "Alajuela", "Heredia", "Liberia", "Puntarenas", "Limón", "Quesada", "San Isidro", "Paraíso"],
  "Croatia": ["Zagreb", "Split", "Rijeka", "Osijek", "Zadar", "Pula", "Slavonski Brod", "Karlovac", "Varaždin", "Šibenik"],
  "Cuba": ["Havana", "Santiago de Cuba", "Camagüey", "Holguín", "Santa Clara", "Guantánamo", "Bayamo", "Cienfuegos", "Pinar del Río", "Matanzas"],
  "Cyprus": ["Nicosia", "Limassol", "Larnaca", "Famagusta", "Paphos", "Kyrenia", "Protaras", "Ayia Napa", "Paralimni", "Polis"],
  "Czech Republic": ["Prague", "Brno", "Ostrava", "Plzeň", "Liberec", "Olomouc", "Ústí nad Labem", "České Budějovice", "Hradec Králové", "Pardubice"],
  "Denmark": ["Copenhagen", "Aarhus", "Odense", "Aalborg", "Esbjerg", "Randers", "Kolding", "Horsens", "Vejle", "Roskilde"],
  "Dominica": ["Roseau", "Portsmouth", "Marigot", "Berekua", "Mahaut", "Saint Joseph", "Wesley", "Salisbury", "La Plaine", "Castle Bruce"],
  "Dominican Republic": ["Santo Domingo", "Santiago", "Santo Domingo Este", "Santo Domingo Norte", "San Pedro de Macorís", "La Romana", "San Cristóbal", "Puerto Plata", "San Francisco de Macorís", "Concepción de La Vega"],
  "Ecuador": ["Quito", "Guayaquil", "Cuenca", "Santo Domingo", "Machala", "Durán", "Manta", "Portoviejo", "Loja", "Ambato"],
  "El Salvador": ["San Salvador", "Santa Ana", "San Miguel", "Mejicanos", "Soyapango", "Santa Tecla", "Apopa", "Delgado", "Ahuachapán", "San Martín"],
  "Estonia": ["Tallinn", "Tartu", "Narva", "Pärnu", "Kohtla-Järve", "Viljandi", "Rakvere", "Maardu", "Kuressaare", "Sillamäe"],
  "Fiji": ["Suva", "Lautoka", "Nadi", "Labasa", "Ba", "Sigatoka", "Levuka", "Savusavu", "Nausori", "Rakiraki"],
  "Finland": ["Helsinki", "Espoo", "Tampere", "Vantaa", "Oulu", "Turku", "Jyväskylä", "Lahti", "Kuopio", "Pori"],
  "France": ["Paris", "Marseille", "Lyon", "Toulouse", "Nice", "Nantes", "Strasbourg", "Montpellier", "Bordeaux", "Lille"],
  "Georgia": ["Tbilisi", "Batumi", "Kutaisi", "Rustavi", "Gori", "Zugdidi", "Poti", "Khashuri", "Senaki", "Zestafoni"],
  "Germany": ["Berlin", "Munich", "Hamburg", "Cologne", "Frankfurt", "Stuttgart", "Düsseldorf", "Dortmund", "Essen", "Leipzig"],
  "Greece": ["Athens", "Thessaloniki", "Patras", "Larissa", "Heraklion", "Peristeri", "Kallithea", "Acharnes", "Kalamaria", "Nikaia"],
  "Grenada": ["St. George's", "Gouyave", "Grenville", "Victoria", "Sauteurs", "Hillsborough", "Tivoli", "Marquis", "Woburn", "Grand Roy"],
  "Guatemala": ["Guatemala City", "Mixco", "Villa Nueva", "Quetzaltenango", "Escuintla", "San Juan Sacatepéquez", "Villa Canales", "Petapa", "Chinautla", "Chimaltenango"],
  "Guyana": ["Georgetown", "Linden", "New Amsterdam", "Anna Regina", "Bartica", "Skeldon", "Rosignol", "Mahaica", "Parika", "Lethem"],
  "Haiti": ["Port-au-Prince", "Carrefour", "Delmas", "Pétion-Ville", "Port-de-Paix", "Gonaïves", "Cap-Haïtien", "Saint-Marc", "Verrettes", "Les Cayes"],
  "Honduras": ["Tegucigalpa", "San Pedro Sula", "Choloma", "La Ceiba", "Villanueva", "Choluteca", "El Progreso", "Comayagua", "Puerto Cortés", "La Lima"],
  "Hungary": ["Budapest", "Debrecen", "Szeged", "Miskolc", "Pécs", "Győr", "Nyíregyháza", "Kecskemét", "Székesfehérvár", "Szombathely"],
  "Iceland": ["Reykjavík", "Kópavogur", "Hafnarfjörður", "Akureyri", "Reykjanesbær", "Garðabær", "Mosfellsbær", "Árborg", "Akranes", "Fjarðabyggð"],
  "India": ["Mumbai", "Delhi", "Bangalore", "Hyderabad", "Ahmedabad", "Chennai", "Kolkata", "Surat", "Pune", "Jaipur"],
  "Indonesia": ["Jakarta", "Surabaya", "Bandung", "Medan", "Semarang", "Palembang", "Makassar", "Tangerang", "Depok", "Bekasi"],
  "Iran": ["Tehran", "Mashhad", "Isfahan", "Karaj", "Shiraz", "Tabriz", "Qom", "Ahvaz", "Kermanshah", "Urmia"],
  "Iraq": ["Baghdad", "Basra", "Mosul", "Erbil", "Kirkuk", "Najaf", "Karbala", "Nasiriyah", "Amarah", "Ramadi"],
  "Ireland": ["Dublin", "Cork", "Limerick", "Galway", "Waterford", "Drogheda", "Dundalk", "Swords", "Bray", "Navan"],
  "Israel": ["Jerusalem", "Tel Aviv", "Haifa", "Rishon LeZion", "Petah Tikva", "Ashdod", "Netanya", "Beer Sheva", "Holon", "Bnei Brak"],
  "Italy": ["Rome", "Milan", "Naples", "Turin", "Palermo", "Genoa", "Bologna", "Florence", "Bari", "Catania"],
  "Jamaica": ["Kingston", "Montego Bay", "Spanish Town", "Portmore", "Mandeville", "May Pen", "Old Harbour", "Linstead", "Savanna-la-Mar", "Ocho Rios"],
  "Japan": ["Tokyo", "Yokohama", "Osaka", "Nagoya", "Sapporo", "Fukuoka", "Kobe", "Kawasaki", "Kyoto", "Saitama"],
  "Jordan": ["Amman", "Zarqa", "Irbid", "Russeifa", "Wadi al-Sir", "Aqaba", "Madaba", "Salt", "Mafraq", "Karak"],
  "Kazakhstan": ["Almaty", "Nur-Sultan", "Shymkent", "Karaganda", "Aktobe", "Taraz", "Pavlodar", "Ust-Kamenogorsk", "Semey", "Oral"],
  "Kiribati": ["Tarawa", "Betio", "Bairiki", "Bikenibeu", "Teaoraereke", "Buariki", "Tabiteuea", "Butaritari", "Abaiang", "Nonouti"],
  "Kuwait": ["Kuwait City", "Al Ahmadi", "Hawalli", "Al Jahra", "Al Farwaniyah", "Mubarak Al-Kabeer", "Salmiya", "Mahboula", "Jabriya", "Fahaheel"],
  "Kyrgyzstan": ["Bishkek", "Osh", "Jalal-Abad", "Karakol", "Tokmok", "Özgön", "Balykchy", "Kara-Balta", "Naryn", "Talas"],
  "Laos": ["Vientiane", "Pakse", "Savannakhet", "Luang Prabang", "Xam Neua", "Phonsavan", "Thakhek", "Muang Xay", "Phonsavanh", "Ban Houayxay"],
  "Latvia": ["Riga", "Daugavpils", "Liepāja", "Jelgava", "Jūrmala", "Ventspils", "Rēzekne", "Valmiera", "Jēkabpils", "Ogre"],
  "Lebanon": ["Beirut", "Tripoli", "Sidon", "Tyre", "Nabatieh", "Jounieh", "Zahle", "Baalbek", "Byblos", "Batroun"],
  "Liechtenstein": ["Vaduz", "Schaan", "Triesen", "Balzers", "Eschen", "Mauren", "Triesenberg", "Ruggell", "Gamprin", "Schellenberg"],
  "Lithuania": ["Vilnius", "Kaunas", "Klaipėda", "Šiauliai", "Panevėžys", "Alytus", "Marijampolė", "Mazeikiai", "Jonava", "Utena"],
  "Luxembourg": ["Luxembourg City", "Esch-sur-Alzette", "Differdange", "Dudelange", "Ettelbruck", "Diekirch", "Wiltz", "Echternach", "Rumelange", "Grevenmacher"],
  "Malaysia": ["Kuala Lumpur", "George Town", "Ipoh", "Shah Alam", "Petaling Jaya", "Johor Bahru", "Malacca City", "Kota Kinabalu", "Kuching", "Kota Bharu"],
  "Maldives": ["Malé", "Addu City", "Fuvahmulah", "Kulhudhuffushi", "Thinadhoo", "Naifaru", "Eydhafushi", "Mahibadhoo", "Vilimalé", "Hithadhoo"],
  "Malta": ["Valletta", "Birkirkara", "Mosta", "Qormi", "Żabbar", "San Pawl il-Baħar", "Sliema", "Hamrun", "Naxxar", "Marsaskala"],
  "Marshall Islands": ["Majuro", "Ebeye", "Jaluit", "Wotje", "Kwajalein", "Arno", "Ailuk", "Enewetak", "Jabat", "Kili"],
  "Mexico": ["Mexico City", "Guadalajara", "Monterrey", "Puebla", "Tijuana", "León", "Juárez", "Torreón", "Querétaro", "San Luis Potosí"],
  "Micronesia": ["Palikir", "Weno", "Kolonia", "Tofol", "Colonia", "Lelu", "Tonoas", "Nett", "Madolenihmw", "Kitti"],
  "Moldova": ["Chișinău", "Tiraspol", "Bălți", "Bender", "Rîbnița", "Cahul", "Ungheni", "Soroca", "Orhei", "Dubăsari"],
  "Monaco": ["Monaco", "Monte Carlo", "La Condamine", "Fontvieille", "Moneghetti"],
  "Mongolia": ["Ulaanbaatar", "Erdenet", "Darkhan", "Choibalsan", "Mörön", "Nalaikh", "Khovd", "Ölgii", "Bayankhongor", "Ulaangom"],
  "Montenegro": ["Podgorica", "Nikšić", "Pljevlja", "Bijelo Polje", "Cetinje", "Bar", "Herceg Novi", "Berane", "Budva", "Tivat"],
  "Myanmar": ["Yangon", "Mandalay", "Naypyidaw", "Mawlamyine", "Taunggyi", "Monywa", "Meiktila", "Bago", "Pathein", "Sittwe"],
  "Nauru": ["Yaren", "Denigomodu", "Meneng", "Aiwo", "Anabar", "Anetan", "Anibare", "Baiti", "Boe", "Buada"],
  "Nepal": ["Kathmandu", "Pokhara", "Lalitpur", "Biratnagar", "Bharatpur", "Birgunj", "Janakpur", "Dharan", "Butwal", "Hetauda"],
  "Netherlands": ["Amsterdam", "Rotterdam", "The Hague", "Utrecht", "Eindhoven", "Groningen", "Tilburg", "Almere", "Breda", "Nijmegen"],
  "New Zealand": ["Auckland", "Wellington", "Christchurch", "Hamilton", "Tauranga", "Napier", "Palmerston North", "Dunedin", "Rotorua", "New Plymouth"],
  "Nicaragua": ["Managua", "León", "Masaya", "Tipitapa", "Chinandega", "Matagalpa", "Estelí", "Granada", "Juigalpa", "El Viejo"],
  "North Korea": ["Pyongyang", "Hamhung", "Chongjin", "Nampo", "Sinuiju", "Wonsan", "Sariwon", "Haeju", "Kanggye", "Hyesan"],
  "North Macedonia": ["Skopje", "Bitola", "Kumanovo", "Prilep", "Tetovo", "Veles", "Štip", "Ohrid", "Gostivar", "Strumica"],
  "Norway": ["Oslo", "Bergen", "Trondheim", "Stavanger", "Bærum", "Kristiansand", "Fredrikstad", "Sandnes", "Tromsø", "Sarpsborg"],
  "Oman": ["Muscat", "Seeb", "Salalah", "Bawshar", "Sohar", "Suwayq", "Ibri", "Saham", "Barka", "Rustaq"],
  "Pakistan": ["Karachi", "Lahore", "Faisalabad", "Rawalpindi", "Gujranwala", "Peshawar", "Multan", "Hyderabad", "Islamabad", "Quetta"],
  "Palau": ["Ngerulmud", "Koror", "Melekeok", "Airai", "Kloulklubed", "Ngermid", "Oikull", "Ngchesar", "Ngarchelong", "Kayangel"],
  "Palestine": ["East Jerusalem", "Gaza", "Hebron", "Nablus", "Ramallah", "Jenin", "Tulkarm", "Qalqilya", "Bethlehem", "Jericho"],
  "Panama": ["Panama City", "San Miguelito", "Tocumen", "David", "Arraiján", "Colón", "Las Cumbres", "La Chorrera", "Pacora", "Santiago"],
  "Papua New Guinea": ["Port Moresby", "Lae", "Arawa", "Mount Hagen", "Popondetta", "Madang", "Kokopo", "Mendi", "Kimbe", "Goroka"],
  "Paraguay": ["Asunción", "Ciudad del Este", "San Lorenzo", "Luque", "Capiatá", "Lambaré", "Fernando de la Mora", "Limpio", "Ñemby", "Encarnación"],
  "Peru": ["Lima", "Arequipa", "Trujillo", "Chiclayo", "Piura", "Iquitos", "Cusco", "Chimbote", "Huancayo", "Pucallpa"],
  "Philippines": ["Manila", "Quezon City", "Caloocan", "Davao City", "Cebu City", "Zamboanga City", "Antipolo", "Pasig", "Taguig", "Cagayan de Oro"],
  "Poland": ["Warsaw", "Kraków", "Łódź", "Wrocław", "Poznań", "Gdańsk", "Szczecin", "Bydgoszcz", "Lublin", "Katowice"],
  "Portugal": ["Lisbon", "Porto", "Vila Nova de Gaia", "Amadora", "Braga", "Funchal", "Coimbra", "Setúbal", "Almada", "Agualva-Cacém"],
  "Qatar": ["Doha", "Al Rayyan", "Umm Salal", "Al Wakrah", "Al Khor", "Dukhan", "Al Wukair", "Mesaieed", "Lusail", "Al Shamal"],
  "Romania": ["Bucharest", "Cluj-Napoca", "Timișoara", "Iași", "Constanța", "Craiova", "Brașov", "Galați", "Ploiești", "Oradea"],
  "Russia": ["Moscow", "Saint Petersburg", "Novosibirsk", "Yekaterinburg", "Kazan", "Nizhny Novgorod", "Chelyabinsk", "Samara", "Omsk", "Rostov-on-Don"],
  "Saint Kitts and Nevis": ["Basseterre", "Charlestown", "Sandy Point Town", "Dieppe Bay Town", "Old Road Town", "Middle Island", "Cayon", "Tabernacle", "Cotton Ground", "Newcastle"],
  "Saint Lucia": ["Castries", "Gros Islet", "Vieux Fort", "Soufrière", "Dennery", "Micoud", "Anse La Raye", "Canaries", "Choiseul", "Laborie"],
  "Saint Vincent and the Grenadines": ["Kingstown", "Georgetown", "Chateaubelair", "Barrouallie", "Layou", "Port Elizabeth", "Biabou", "Dovers", "Fancy", "Calliaqua"],
  "Samoa": ["Apia", "Vaitele", "Faleula", "Siusega", "Vailima", "Leulumoega", "Fasitootai", "Malie", "Lufilufi", "Safotu"],
  "San Marino": ["San Marino", "Serravalle", "Borgo Maggiore", "Domagnano", "Fiorentino", "Acquaviva", "Faetano", "Chiesanuova", "Montegiardino"],
  "Saudi Arabia": ["Riyadh", "Jeddah", "Mecca", "Medina", "Dammam", "Khobar", "Ta'if", "Abha", "Tabuk", "Buraidah"],
  "Serbia": ["Belgrade", "Novi Sad", "Niš", "Kragujevac", "Subotica", "Zrenjanin", "Pančevo", "Čačak", "Kraljevo", "Leskovac"],
  "Singapore": ["Singapore"],
  "Slovakia": ["Bratislava", "Košice", "Prešov", "Žilina", "Banská Bystrica", "Nitra", "Trnava", "Trenčín", "Martin", "Poprad"],
  "Slovenia": ["Ljubljana", "Maribor", "Celje", "Kranj", "Velenje", "Koper", "Novo Mesto", "Ptuj", "Trbovlje", "Kamnik"],
  "Solomon Islands": ["Honiara", "Auki", "Gizo", "Kirakira", "Buala", "Tulagi", "Taro", "Lata", "Tigoa", "Noro"],
  "South Korea": ["Seoul", "Busan", "Incheon", "Daegu", "Daejeon", "Gwangju", "Suwon", "Ulsan", "Changwon", "Goyang"],
  "Spain": ["Madrid", "Barcelona", "Valencia", "Seville", "Zaragoza", "Málaga", "Murcia", "Palma", "Las Palmas", "Bilbao"],
  "Sri Lanka": ["Colombo", "Dehiwala-Mount Lavinia", "Moratuwa", "Jaffna", "Negombo", "Pita Kotte", "Sri Jayewardenepura Kotte", "Kandy", "Trincomalee", "Kalmunai"],
  "Suriname": ["Paramaribo", "Lelydorp", "Nieuw Nickerie", "Moengo", "Nieuw Amsterdam", "Mariënburg", "Wageningen", "Albina", "Brownsweg", "Totness"],
  "Sweden": ["Stockholm", "Gothenburg", "Malmö", "Uppsala", "Västerås", "Örebro", "Linköping", "Helsingborg", "Jönköping", "Norrköping"],
  "Switzerland": ["Zürich", "Geneva", "Basel", "Bern", "Lausanne", "Winterthur", "Lucerne", "St. Gallen", "Lugano", "Biel"],
  "Syria": ["Damascus", "Aleppo", "Homs", "Latakia", "Hama", "Raqqa", "Deir ez-Zor", "Al-Hasakah", "Qamishli", "Tartus"],
  "Taiwan": ["Taipei", "New Taipei", "Kaohsiung", "Taichung", "Tainan", "Hsinchu", "Taoyuan", "Keelung", "Chiayi", "Changhua"],
  "Tajikistan": ["Dushanbe", "Khujand", "Kulob", "Qurghonteppa", "Istaravshan", "Konibodom", "Kofarnihon", "Tursunzoda", "Isfara", "Panjakent"],
  "Thailand": ["Bangkok", "Nonthaburi", "Nakhon Ratchasima", "Chiang Mai", "Hat Yai", "Udon Thani", "Pak Kret", "Khon Kaen", "Krabi", "Nakhon Si Thammarat"],
  "Timor-Leste": ["Dili", "Baucau", "Maliana", "Suai", "Liquiçá", "Same", "Viqueque", "Aileu", "Lospalos", "Manatuto"],
  "Tonga": ["Nuku'alofa", "Neiafu", "Haveluloto", "Vaini", "Pangai", "Ohonua", "Hihifo", "Kolonga", "Nukunuku", "Tofoa"],
  "Trinidad and Tobago": ["Port of Spain", "San Fernando", "Chaguanas", "Arima", "Couva", "Point Fortin", "Princes Town", "Diego Martin", "Tunapuna", "Sangre Grande"],
  "Turkey": ["Istanbul", "Ankara", "İzmir", "Bursa", "Antalya", "Adana", "Gaziantep", "Konya", "Kayseri", "Mersin"],
  "Turkmenistan": ["Ashgabat", "Türkmenabat", "Daşoguz", "Mary", "Balkanabat", "Bayramaly", "Türkmenbaşy", "Tejen", "Abadan", "Kaka"],
  "Tuvalu": ["Funafuti", "Asau", "Tanrake", "Lolua", "Vaiaku", "Savave", "Fangaua", "Tonga", "Niulakita", "Nukulaelae"],
  "Ukraine": ["Kyiv", "Kharkiv", "Odesa", "Dnipro", "Donetsk", "Zaporizhzhia", "Lviv", "Kryvyi Rih", "Mykolaiv", "Mariupol"],
  "United Arab Emirates": ["Dubai", "Abu Dhabi", "Sharjah", "Al Ain", "Ajman", "Ras Al Khaimah", "Fujairah", "Umm Al Quwain", "Khor Fakkan", "Kalba"],
  "United Kingdom": ["London", "Birmingham", "Manchester", "Glasgow", "Liverpool", "Leeds", "Sheffield", "Edinburgh", "Bristol", "Cardiff"],
  "United States": ["New York", "Los Angeles", "Chicago", "Houston", "Phoenix", "Philadelphia", "San Antonio", "San Diego", "Dallas", "San Jose"],
  "Uruguay": ["Montevideo", "Salto", "Ciudad de la Costa", "Paysandú", "Las Piedras", "Rivera", "Maldonado", "Tacuarembó", "Melo", "Mercedes"],
  "Uzbekistan": ["Tashkent", "Namangan", "Samarkand", "Andijan", "Nukus", "Bukhara", "Qarshi", "Fergana", "Kokand", "Margilan"],
  "Vanuatu": ["Port Vila", "Luganville", "Norsup", "Sola", "Lakatoro", "Isangel", "Longana", "Port-Olry", "Loltong", "Saratamata"],
  "Vatican City": ["Vatican City"],
  "Venezuela": ["Caracas", "Maracaibo", "Valencia", "Barquisimeto", "Ciudad Guayana", "Barcelona", "Maturín", "Maracay", "Ciudad Bolívar", "San Cristóbal"],
  "Vietnam": ["Ho Chi Minh City", "Hanoi", "Haiphong", "Da Nang", "Can Tho", "Bien Hoa", "Hue", "Nha Trang", "Vung Tau", "Quy Nhon"],
  "Yemen": ["Sana'a", "Aden", "Ta'izz", "Al Hudaydah", "Ibb", "Dhamar", "Al Mukalla", "Zinjibar", "Sayyan", "Ash Shihr"]
}
